ExperimentID, StudyID, Authors, Year, CGn, EGn, PP, LVS, ToV, LRd, LTd, LRv, LTv, LRLTcov, LRLTcov1, LRLTcovC 
Broek (2014) 4-01,4,Broek,2014,41,43,0,1,0,-0.539987646,-0.411764706,0.049381693,0.048655285,0,0.048969499,0.024153875
Chuang (2011) 7-01,7,Chuang,2011,33,33,1,1,0,-0.267284153,NA,0.061147279,NA,NA,NA,NA
Izmirli (2016) 19-01a,19,Izmirli,2016,24,25,0,0,1,-0.524557243,NA,0.084474425,NA,NA,NA,NA
Izmirli (2016) 19-01b,19,Izmirli,2016,24,24,1,0,1,-0.186346497,NA,0.083695052,NA,NA,NA,NA
McNeill (2009) 28-01,28,McNeill,2009,19,19,0,0,0,NA,0.00829486,NA,0.105264063,NA,NA,NA
Sabet (2010) 36-01,36,Sabet,2010,60,60,1,1,1,-1.216504781,NA,0.039499516,NA,NA,NA,NA
Tindall-Ford (1997) 48-01,48,Tindall-Ford,1997,10,10,1,0,0,0.179682099,1.552387124,0.20406072,0.261280206,0,0.206973404,0.101743351
van den Broek (2014) 49-01,49,van den Broek,2014,41,43,0,1,0,-0.539987646,-0.411764706,0.049381693,0.048655285,0,0.048969499,0.024153875
